Feature,Importance
Year_Numeric,0.4282604421689521
Butterfly_Generalists,0.25511042800487493
Butterfly_All_Species,0.1925307396945268
Habitat_Connectivity,0.12409839013164606
